[
{
  "model": "admin.logentry",
  "pk": 1,
  "fields": {
    "action_time": "2025-06-26T09:23:58.393Z",
    "user": 1,
    "content_type": 6,
    "object_id": "2",
    "object_repr": "manager1",
    "action_flag": 1,
    "change_message": "[{\"added\": {}}]"
  }
},
{
  "model": "admin.logentry",
  "pk": 2,
  "fields": {
    "action_time": "2025-06-26T09:24:08.374Z",
    "user": 1,
    "content_type": 6,
    "object_id": "3",
    "object_repr": "employee1",
    "action_flag": 1,
    "change_message": "[{\"added\": {}}]"
  }
},
{
  "model": "admin.logentry",
  "pk": 3,
  "fields": {
    "action_time": "2025-06-26T09:47:06.033Z",
    "user": 1,
    "content_type": 3,
    "object_id": "1",
    "object_repr": "Managers",
    "action_flag": 1,
    "change_message": "[{\"added\": {}}]"
  }
},
{
  "model": "admin.logentry",
  "pk": 4,
  "fields": {
    "action_time": "2025-06-26T09:47:56.722Z",
    "user": 1,
    "content_type": 6,
    "object_id": "2",
    "object_repr": "manager1",
    "action_flag": 2,
    "change_message": "[{\"changed\": {\"fields\": [\"Groups\"]}}]"
  }
},
{
  "model": "admin.logentry",
  "pk": 5,
  "fields": {
    "action_time": "2025-06-26T09:48:43.940Z",
    "user": 1,
    "content_type": 3,
    "object_id": "1",
    "object_repr": "Manager",
    "action_flag": 2,
    "change_message": "[{\"changed\": {\"fields\": [\"Name\"]}}]"
  }
},
{
  "model": "admin.logentry",
  "pk": 6,
  "fields": {
    "action_time": "2025-06-27T10:51:53.557Z",
    "user": 1,
    "content_type": 6,
    "object_id": "4",
    "object_repr": "employee2",
    "action_flag": 1,
    "change_message": "[{\"added\": {}}]"
  }
},
{
  "model": "admin.logentry",
  "pk": 7,
  "fields": {
    "action_time": "2025-06-29T07:58:00.079Z",
    "user": 1,
    "content_type": 8,
    "object_id": "2",
    "object_repr": "Example Exam: Mixed Topics",
    "action_flag": 2,
    "change_message": "[]"
  }
},
{
  "model": "admin.logentry",
  "pk": 8,
  "fields": {
    "action_time": "2025-06-29T08:04:13.174Z",
    "user": 1,
    "content_type": 6,
    "object_id": "5",
    "object_repr": "employee3",
    "action_flag": 1,
    "change_message": "[{\"added\": {}}]"
  }
},
{
  "model": "admin.logentry",
  "pk": 9,
  "fields": {
    "action_time": "2025-07-01T12:13:40.926Z",
    "user": 1,
    "content_type": 6,
    "object_id": "6",
    "object_repr": "employee4",
    "action_flag": 1,
    "change_message": "[{\"added\": {}}]"
  }
},
{
  "model": "admin.logentry",
  "pk": 10,
  "fields": {
    "action_time": "2025-07-01T13:24:51.923Z",
    "user": 1,
    "content_type": 6,
    "object_id": "7",
    "object_repr": "employee5",
    "action_flag": 1,
    "change_message": "[{\"added\": {}}]"
  }
},
{
  "model": "admin.logentry",
  "pk": 11,
  "fields": {
    "action_time": "2025-07-01T13:25:04.592Z",
    "user": 1,
    "content_type": 6,
    "object_id": "8",
    "object_repr": "employee6",
    "action_flag": 1,
    "change_message": "[{\"added\": {}}]"
  }
},
{
  "model": "admin.logentry",
  "pk": 12,
  "fields": {
    "action_time": "2025-07-06T08:52:20.666Z",
    "user": 1,
    "content_type": 6,
    "object_id": "9",
    "object_repr": "employee7",
    "action_flag": 1,
    "change_message": "[{\"added\": {}}]"
  }
},
{
  "model": "admin.logentry",
  "pk": 13,
  "fields": {
    "action_time": "2025-07-06T10:04:16.328Z",
    "user": 1,
    "content_type": 6,
    "object_id": "10",
    "object_repr": "employee8",
    "action_flag": 1,
    "change_message": "[{\"added\": {}}]"
  }
},
{
  "model": "admin.logentry",
  "pk": 14,
  "fields": {
    "action_time": "2025-07-06T10:04:23.688Z",
    "user": 1,
    "content_type": 6,
    "object_id": "10",
    "object_repr": "employee8",
    "action_flag": 2,
    "change_message": "[]"
  }
},
{
  "model": "admin.logentry",
  "pk": 15,
  "fields": {
    "action_time": "2025-07-06T10:04:34.941Z",
    "user": 1,
    "content_type": 6,
    "object_id": "11",
    "object_repr": "employee9",
    "action_flag": 1,
    "change_message": "[{\"added\": {}}]"
  }
},
{
  "model": "admin.logentry",
  "pk": 16,
  "fields": {
    "action_time": "2025-07-14T16:53:02.499Z",
    "user": 1,
    "content_type": 6,
    "object_id": "12",
    "object_repr": "employee10",
    "action_flag": 1,
    "change_message": "[{\"added\": {}}]"
  }
},
{
  "model": "admin.logentry",
  "pk": 17,
  "fields": {
    "action_time": "2025-07-14T16:53:15.640Z",
    "user": 1,
    "content_type": 6,
    "object_id": "13",
    "object_repr": "employee11",
    "action_flag": 1,
    "change_message": "[{\"added\": {}}]"
  }
},
{
  "model": "admin.logentry",
  "pk": 18,
  "fields": {
    "action_time": "2025-07-14T20:27:08.581Z",
    "user": 1,
    "content_type": 6,
    "object_id": "14",
    "object_repr": "employee12",
    "action_flag": 1,
    "change_message": "[{\"added\": {}}]"
  }
},
{
  "model": "admin.logentry",
  "pk": 19,
  "fields": {
    "action_time": "2025-07-15T16:11:06.766Z",
    "user": 1,
    "content_type": 6,
    "object_id": "15",
    "object_repr": "employee13",
    "action_flag": 1,
    "change_message": "[{\"added\": {}}]"
  }
},
{
  "model": "admin.logentry",
  "pk": 20,
  "fields": {
    "action_time": "2025-07-15T16:11:25.524Z",
    "user": 1,
    "content_type": 6,
    "object_id": "16",
    "object_repr": "employee14",
    "action_flag": 1,
    "change_message": "[{\"added\": {}}]"
  }
},
{
  "model": "auth.group",
  "pk": 1,
  "fields": {
    "name": "Manager",
    "permissions": [
      1,
      2,
      3,
      4,
      25,
      26,
      27,
      28,
      29,
      30,
      31,
      32,
      33,
      34,
      35,
      36,
      37,
      38,
      39,
      40,
      9,
      10,
      11,
      12,
      5,
      6,
      7,
      8,
      13,
      14,
      15,
      16,
      45,
      46,
      47,
      48,
      41,
      42,
      43,
      44,
      17,
      18,
      19,
      20,
      21,
      22,
      23,
      24
    ]
  }
},
{
  "model": "sessions.session",
  "pk": "3be79k5ys8wnu68bx1pm1lt9ys3txdcy",
  "fields": {
    "session_data": ".eJxVjEEOwiAURO_C2hCgwP-4dN8zEH6hUjWQlHZlvLsl6UJ3kzdv5s182Lfs95ZWv0R2ZYZdfhmF6ZlKL-IjlHvlUy3buhDvCj_bxsca0-t2un8HObR8rNHNMChjjUxaRUeDCgINEGrtBNIcpSS0KknnJAh1BOzcWZIAyQD7fAGuDTZC:1uVpFB:FaXxW2HTJnHm2b5oghgA_BQFzzJORBoeL4870Pfd7cg",
    "expire_date": "2025-07-13T10:26:41.600Z"
  }
},
{
  "model": "sessions.session",
  "pk": "kja63e3buj3eurav4b8jlvlgzb21yvtc",
  "fields": {
    "session_data": ".eJxVjEEOwiAQRe_C2hAoQwGX7j0DGWamUjVtUtqV8e7apAvd_vfef6mM21rz1mTJI6uzsl6dfseC9JBpJ3zH6TZrmqd1GYveFX3Qpq8zy_NyuH8HFVv91p10ZByxAwY7JGcG5z3ElGJvU5_QFIBiPEcMQGApdsGFAsSCAsaJen8A56o3dg:1ucnJw:sEJzmRwyeldzuZBZPo4tbH8DT5fsxoSpLhqdNL9LBZU",
    "expire_date": "2025-08-01T15:48:24.883Z"
  }
},
{
  "model": "sessions.session",
  "pk": "vf9d2c5nwmc5c8n0xqtv6dpadghn6beq",
  "fields": {
    "session_data": ".eJxVjDsOwjAQBe_iGlnO2vGHkj5nsDa7axJAjhQnFeLuKFIKaN_MvLfKuG9T3puseWZ1VVZdfrcR6Sn1APzAel80LXVb51Efij5p08PC8rqd7t_BhG06aokIwZoOgGLsoFhyPoVeyAg7kNIVdpFTsSFFYR8shp4EGdAnA736fAHfsDfm:1uV7gu:_fpiw98C8GLbojyx8rq62bHAAxzJSp-KaU-K1faUbSk",
    "expire_date": "2025-07-11T11:56:24.358Z"
  }
},
{
  "model": "users.customuser",
  "pk": 1,
  "fields": {
    "password": "pbkdf2_sha256$1000000$4cKBFSs5yy8n3ZT6rkjrkF$f89cBRmo04j0fb6D4cVtffWvUB9IDyInFUXm4vomyro=",
    "last_login": "2025-07-15T16:10:51.958Z",
    "is_superuser": true,
    "username": "admin",
    "first_name": "",
    "last_name": "",
    "email": "admin@test.com",
    "is_staff": true,
    "is_active": true,
    "date_joined": "2025-06-26T08:59:08.961Z",
    "is_manager": false,
    "is_employee": true,
    "groups": [],
    "user_permissions": []
  }
},
{
  "model": "users.customuser",
  "pk": 2,
  "fields": {
    "password": "pbkdf2_sha256$1000000$j5n3GwPszQkZkJn6ZnCIb1$eZO3oYMkvzA/e3iwiUfAxMbW7Lno8r7SagwWbaw2cQc=",
    "last_login": "2025-07-15T17:29:48.828Z",
    "is_superuser": false,
    "username": "manager1",
    "first_name": "",
    "last_name": "",
    "email": "",
    "is_staff": false,
    "is_active": true,
    "date_joined": "2025-06-26T09:23:58Z",
    "is_manager": true,
    "is_employee": false,
    "groups": [
      1
    ],
    "user_permissions": []
  }
},
{
  "model": "users.customuser",
  "pk": 3,
  "fields": {
    "password": "pbkdf2_sha256$1000000$Gi4LfCSMbBHEWDcxM6AkcD$NU8zQSKvUxQ51eaxbzXreubVbkXADP1zSbO6wRzDaag=",
    "last_login": "2025-06-29T07:53:43.857Z",
    "is_superuser": false,
    "username": "employee1",
    "first_name": "",
    "last_name": "",
    "email": "",
    "is_staff": false,
    "is_active": true,
    "date_joined": "2025-06-26T09:24:08.020Z",
    "is_manager": false,
    "is_employee": true,
    "groups": [],
    "user_permissions": []
  }
},
{
  "model": "users.customuser",
  "pk": 4,
  "fields": {
    "password": "pbkdf2_sha256$1000000$nbJz0m8u0av2VC821IP1If$mTdTKpjlRs8q4ZzHAbjL3s3ZI6jUMYwdD3DMjaO+PVM=",
    "last_login": "2025-06-29T07:28:37.643Z",
    "is_superuser": false,
    "username": "employee2",
    "first_name": "",
    "last_name": "",
    "email": "",
    "is_staff": false,
    "is_active": true,
    "date_joined": "2025-06-27T10:51:53.212Z",
    "is_manager": false,
    "is_employee": true,
    "groups": [],
    "user_permissions": []
  }
},
{
  "model": "users.customuser",
  "pk": 5,
  "fields": {
    "password": "pbkdf2_sha256$1000000$ihSXwTzTFGTRo1nSrBzWrW$38Zr+7M9+x+nlg0JBsrGKOT7fuLW1YeoP4BRuAMpSFs=",
    "last_login": "2025-06-29T10:28:58.936Z",
    "is_superuser": false,
    "username": "employee3",
    "first_name": "",
    "last_name": "",
    "email": "",
    "is_staff": false,
    "is_active": true,
    "date_joined": "2025-06-29T08:04:12.829Z",
    "is_manager": false,
    "is_employee": true,
    "groups": [],
    "user_permissions": []
  }
},
{
  "model": "users.customuser",
  "pk": 6,
  "fields": {
    "password": "pbkdf2_sha256$1000000$uEKS311MObfzMNHmEUrISZ$32NmL94pllE01Y/hwxj9OOKZTBeXJeKnMR7Nu/V0L3g=",
    "last_login": "2025-07-01T12:30:59.343Z",
    "is_superuser": false,
    "username": "employee4",
    "first_name": "",
    "last_name": "",
    "email": "",
    "is_staff": false,
    "is_active": true,
    "date_joined": "2025-07-01T12:13:40.565Z",
    "is_manager": false,
    "is_employee": true,
    "groups": [],
    "user_permissions": []
  }
},
{
  "model": "users.customuser",
  "pk": 7,
  "fields": {
    "password": "pbkdf2_sha256$1000000$uBMiOdMukzuusEAnuaggqb$ogBl+hcd81DgH+iheHPQ5UVfGhYuAUQqW6pcA4uuoJ0=",
    "last_login": "2025-07-04T10:41:41.427Z",
    "is_superuser": false,
    "username": "employee5",
    "first_name": "",
    "last_name": "",
    "email": "",
    "is_staff": false,
    "is_active": true,
    "date_joined": "2025-07-01T13:24:51.572Z",
    "is_manager": false,
    "is_employee": true,
    "groups": [],
    "user_permissions": []
  }
},
{
  "model": "users.customuser",
  "pk": 8,
  "fields": {
    "password": "pbkdf2_sha256$1000000$8GpPPpR1dbevn7FViLd45D$HRM9YOkqhleqcnIydcdcZOj9Bvjr4lqsQ8FHrDZy/VA=",
    "last_login": "2025-07-04T15:48:06.204Z",
    "is_superuser": false,
    "username": "employee6",
    "first_name": "",
    "last_name": "",
    "email": "",
    "is_staff": false,
    "is_active": true,
    "date_joined": "2025-07-01T13:25:04.239Z",
    "is_manager": false,
    "is_employee": true,
    "groups": [],
    "user_permissions": []
  }
},
{
  "model": "users.customuser",
  "pk": 9,
  "fields": {
    "password": "pbkdf2_sha256$1000000$rMLYSsSoBu0tQPmjNpiypi$8JYEeBPAzLLgCL4BFhlEeB1YexQKgxKGEp5FhR78C4E=",
    "last_login": "2025-07-06T10:03:53.082Z",
    "is_superuser": false,
    "username": "employee7",
    "first_name": "",
    "last_name": "",
    "email": "",
    "is_staff": false,
    "is_active": true,
    "date_joined": "2025-07-06T08:52:20.305Z",
    "is_manager": false,
    "is_employee": true,
    "groups": [],
    "user_permissions": []
  }
},
{
  "model": "users.customuser",
  "pk": 10,
  "fields": {
    "password": "pbkdf2_sha256$1000000$wwiKI0NBUcAbnscZVs0x23$6X8ddPkcKM2sJ/29TYxfBcxfMQWpjrYwRhpmzN9qv44=",
    "last_login": "2025-07-08T15:07:29.754Z",
    "is_superuser": false,
    "username": "employee8",
    "first_name": "",
    "last_name": "",
    "email": "",
    "is_staff": false,
    "is_active": true,
    "date_joined": "2025-07-06T10:04:15Z",
    "is_manager": false,
    "is_employee": true,
    "groups": [],
    "user_permissions": []
  }
},
{
  "model": "users.customuser",
  "pk": 11,
  "fields": {
    "password": "pbkdf2_sha256$1000000$O2mAtypNxc69Ar21P7U6Ua$ASUjEViTwwLxn4gppGoZbR4+HRA1H7kvQ9MXtHxskbA=",
    "last_login": "2025-07-13T18:28:37.707Z",
    "is_superuser": false,
    "username": "employee9",
    "first_name": "",
    "last_name": "",
    "email": "",
    "is_staff": false,
    "is_active": true,
    "date_joined": "2025-07-06T10:04:34.581Z",
    "is_manager": false,
    "is_employee": true,
    "groups": [],
    "user_permissions": []
  }
},
{
  "model": "users.customuser",
  "pk": 12,
  "fields": {
    "password": "pbkdf2_sha256$1000000$9TGnLHKLnq2NqR3VhuPTuj$EpG8wjgXXTTtTP3OJ8274RfkwWnlx7TTJM+N7jYTn+g=",
    "last_login": "2025-07-14T16:55:21.445Z",
    "is_superuser": false,
    "username": "employee10",
    "first_name": "",
    "last_name": "",
    "email": "",
    "is_staff": false,
    "is_active": true,
    "date_joined": "2025-07-14T16:53:02.140Z",
    "is_manager": false,
    "is_employee": true,
    "groups": [],
    "user_permissions": []
  }
},
{
  "model": "users.customuser",
  "pk": 13,
  "fields": {
    "password": "pbkdf2_sha256$1000000$YI6HLWzSqGVGobIx3DlEpe$4AkEqiGoB2xbPPzfd1yuGXD3bsb64g92Z2phleXBDS4=",
    "last_login": "2025-07-15T15:54:49.567Z",
    "is_superuser": false,
    "username": "employee11",
    "first_name": "",
    "last_name": "",
    "email": "",
    "is_staff": false,
    "is_active": true,
    "date_joined": "2025-07-14T16:53:15.291Z",
    "is_manager": false,
    "is_employee": true,
    "groups": [],
    "user_permissions": []
  }
},
{
  "model": "users.customuser",
  "pk": 14,
  "fields": {
    "password": "pbkdf2_sha256$1000000$NMscIJFemtuL8E28SaFIs2$DaCTZbMM7ufKGKAjmDy992K521f9W6sS0PJ+/GUyi/A=",
    "last_login": "2025-07-16T11:46:38.525Z",
    "is_superuser": false,
    "username": "employee12",
    "first_name": "",
    "last_name": "",
    "email": "",
    "is_staff": false,
    "is_active": true,
    "date_joined": "2025-07-14T20:27:08.221Z",
    "is_manager": false,
    "is_employee": true,
    "groups": [],
    "user_permissions": []
  }
},
{
  "model": "users.customuser",
  "pk": 15,
  "fields": {
    "password": "pbkdf2_sha256$1000000$yNI0y5kCbbrIymOiYK5bDt$GTRLLGdNEzcrH1gvxE2pfffBASlzbqIIKlBPlQoO/LE=",
    "last_login": "2025-07-18T15:48:24.847Z",
    "is_superuser": false,
    "username": "employee13",
    "first_name": "",
    "last_name": "",
    "email": "",
    "is_staff": false,
    "is_active": true,
    "date_joined": "2025-07-15T16:11:06.413Z",
    "is_manager": false,
    "is_employee": true,
    "groups": [],
    "user_permissions": []
  }
},
{
  "model": "users.customuser",
  "pk": 16,
  "fields": {
    "password": "pbkdf2_sha256$1000000$1qBS3N2TxxcFGEftNF0U7r$lKs0do3sB31mIycHNHINb74mxtQHy9hI3YKg3/jbx4s=",
    "last_login": null,
    "is_superuser": false,
    "username": "employee14",
    "first_name": "",
    "last_name": "",
    "email": "",
    "is_staff": false,
    "is_active": true,
    "date_joined": "2025-07-15T16:11:25.169Z",
    "is_manager": false,
    "is_employee": true,
    "groups": [],
    "user_permissions": []
  }
},
{
  "model": "assessments.assessment",
  "pk": 1,
  "fields": {
    "title": "Sample Exam",
    "description": "Sample Exam 1",
    "created_by": 2,
    "created_at": "2025-06-26T09:50:26.270Z",
    "duration_minutes": 15,
    "passing_score": 80,
    "allow_retake": false,
    "max_retakes": null,
    "time_limit": null
  }
},
{
  "model": "assessments.assessment",
  "pk": 2,
  "fields": {
    "title": "Example Exam: Mixed Topics",
    "description": "Example Exam: Mixed Topics 1",
    "created_by": 2,
    "created_at": "2025-06-27T09:44:48.968Z",
    "duration_minutes": 15,
    "passing_score": 80,
    "allow_retake": false,
    "max_retakes": null,
    "time_limit": null
  }
},
{
  "model": "assessments.assessment",
  "pk": 3,
  "fields": {
    "title": "Assessment 3",
    "description": "Testing time limit",
    "created_by": 2,
    "created_at": "2025-07-10T08:02:49.439Z",
    "duration_minutes": 15,
    "passing_score": 80,
    "allow_retake": false,
    "max_retakes": null,
    "time_limit": 20
  }
},
{
  "model": "assessments.assessment",
  "pk": 4,
  "fields": {
    "title": "test",
    "description": "testing retakes",
    "created_by": 2,
    "created_at": "2025-07-10T08:48:48.374Z",
    "duration_minutes": 15,
    "passing_score": 80,
    "allow_retake": true,
    "max_retakes": 1,
    "time_limit": 5
  }
},
{
  "model": "assessments.question",
  "pk": 1,
  "fields": {
    "assessment": 1,
    "text": "What is the capital of France?"
  }
},
{
  "model": "assessments.question",
  "pk": 2,
  "fields": {
    "assessment": 1,
    "text": "Which planet is known as the Red Planet?"
  }
},
{
  "model": "assessments.question",
  "pk": 3,
  "fields": {
    "assessment": 1,
    "text": "What is the chemical symbol for water?"
  }
},
{
  "model": "assessments.question",
  "pk": 4,
  "fields": {
    "assessment": 1,
    "text": "Who wrote Romeo and Juliet?"
  }
},
{
  "model": "assessments.question",
  "pk": 5,
  "fields": {
    "assessment": 1,
    "text": "Which organ in the human body pumps blood?"
  }
},
{
  "model": "assessments.question",
  "pk": 6,
  "fields": {
    "assessment": 2,
    "text": "What is the freezing point of water at sea level (in Celsius)?"
  }
},
{
  "model": "assessments.question",
  "pk": 7,
  "fields": {
    "assessment": 2,
    "text": "Which of the following animals is a mammal?"
  }
},
{
  "model": "assessments.question",
  "pk": 8,
  "fields": {
    "assessment": 2,
    "text": "Which language is primarily spoken in Brazil?"
  }
},
{
  "model": "assessments.question",
  "pk": 9,
  "fields": {
    "assessment": 2,
    "text": "Who painted the Mona Lisa?"
  }
},
{
  "model": "assessments.question",
  "pk": 10,
  "fields": {
    "assessment": 2,
    "text": "What gas do plants absorb from the atmosphere during photosynthesis?"
  }
},
{
  "model": "assessments.question",
  "pk": 11,
  "fields": {
    "assessment": 3,
    "text": "111111111111111111111111"
  }
},
{
  "model": "assessments.question",
  "pk": 12,
  "fields": {
    "assessment": 3,
    "text": "2222222222222222"
  }
},
{
  "model": "assessments.question",
  "pk": 13,
  "fields": {
    "assessment": 3,
    "text": "Sample Text 1"
  }
},
{
  "model": "assessments.question",
  "pk": 14,
  "fields": {
    "assessment": 3,
    "text": "76584567567575675675675"
  }
},
{
  "model": "assessments.question",
  "pk": 15,
  "fields": {
    "assessment": 3,
    "text": "grrrrrrrrrrrrrrrrrrrrrrr"
  }
},
{
  "model": "assessments.question",
  "pk": 16,
  "fields": {
    "assessment": 4,
    "text": "test"
  }
},
{
  "model": "assessments.question",
  "pk": 17,
  "fields": {
    "assessment": 4,
    "text": "eeeeeeeeeeeeeee"
  }
},
{
  "model": "assessments.answer",
  "pk": 1,
  "fields": {
    "question": 1,
    "text": "Paris",
    "is_correct": true
  }
},
{
  "model": "assessments.answer",
  "pk": 2,
  "fields": {
    "question": 1,
    "text": "Rome",
    "is_correct": false
  }
},
{
  "model": "assessments.answer",
  "pk": 3,
  "fields": {
    "question": 1,
    "text": "Madrid",
    "is_correct": false
  }
},
{
  "model": "assessments.answer",
  "pk": 4,
  "fields": {
    "question": 1,
    "text": "Berlin",
    "is_correct": false
  }
},
{
  "model": "assessments.answer",
  "pk": 5,
  "fields": {
    "question": 2,
    "text": "Mars",
    "is_correct": true
  }
},
{
  "model": "assessments.answer",
  "pk": 6,
  "fields": {
    "question": 2,
    "text": "Jupiter",
    "is_correct": false
  }
},
{
  "model": "assessments.answer",
  "pk": 7,
  "fields": {
    "question": 2,
    "text": "Venus",
    "is_correct": false
  }
},
{
  "model": "assessments.answer",
  "pk": 8,
  "fields": {
    "question": 2,
    "text": "Saturn",
    "is_correct": false
  }
},
{
  "model": "assessments.answer",
  "pk": 9,
  "fields": {
    "question": 3,
    "text": "H₂O",
    "is_correct": true
  }
},
{
  "model": "assessments.answer",
  "pk": 10,
  "fields": {
    "question": 3,
    "text": "CO₂",
    "is_correct": false
  }
},
{
  "model": "assessments.answer",
  "pk": 11,
  "fields": {
    "question": 3,
    "text": "NaCl",
    "is_correct": false
  }
},
{
  "model": "assessments.answer",
  "pk": 12,
  "fields": {
    "question": 3,
    "text": "O₂",
    "is_correct": false
  }
},
{
  "model": "assessments.answer",
  "pk": 13,
  "fields": {
    "question": 4,
    "text": "William Shakespeare",
    "is_correct": true
  }
},
{
  "model": "assessments.answer",
  "pk": 14,
  "fields": {
    "question": 4,
    "text": "Charles Dickens",
    "is_correct": false
  }
},
{
  "model": "assessments.answer",
  "pk": 15,
  "fields": {
    "question": 4,
    "text": "Jane Austen",
    "is_correct": false
  }
},
{
  "model": "assessments.answer",
  "pk": 16,
  "fields": {
    "question": 4,
    "text": "Mark Twain",
    "is_correct": false
  }
},
{
  "model": "assessments.answer",
  "pk": 17,
  "fields": {
    "question": 5,
    "text": "Heart",
    "is_correct": true
  }
},
{
  "model": "assessments.answer",
  "pk": 18,
  "fields": {
    "question": 5,
    "text": "Brain",
    "is_correct": false
  }
},
{
  "model": "assessments.answer",
  "pk": 19,
  "fields": {
    "question": 5,
    "text": "Liver",
    "is_correct": false
  }
},
{
  "model": "assessments.answer",
  "pk": 20,
  "fields": {
    "question": 5,
    "text": "Lungs",
    "is_correct": false
  }
},
{
  "model": "assessments.answer",
  "pk": 21,
  "fields": {
    "question": 6,
    "text": "0°C",
    "is_correct": true
  }
},
{
  "model": "assessments.answer",
  "pk": 22,
  "fields": {
    "question": 6,
    "text": "100°C",
    "is_correct": false
  }
},
{
  "model": "assessments.answer",
  "pk": 23,
  "fields": {
    "question": 6,
    "text": "-10°C",
    "is_correct": false
  }
},
{
  "model": "assessments.answer",
  "pk": 24,
  "fields": {
    "question": 6,
    "text": "10°C",
    "is_correct": false
  }
},
{
  "model": "assessments.answer",
  "pk": 25,
  "fields": {
    "question": 7,
    "text": "Dolphin",
    "is_correct": true
  }
},
{
  "model": "assessments.answer",
  "pk": 26,
  "fields": {
    "question": 7,
    "text": "Shark",
    "is_correct": false
  }
},
{
  "model": "assessments.answer",
  "pk": 27,
  "fields": {
    "question": 7,
    "text": "Crocodile",
    "is_correct": false
  }
},
{
  "model": "assessments.answer",
  "pk": 28,
  "fields": {
    "question": 7,
    "text": "Octopus",
    "is_correct": false
  }
},
{
  "model": "assessments.answer",
  "pk": 29,
  "fields": {
    "question": 8,
    "text": "Portuguese",
    "is_correct": true
  }
},
{
  "model": "assessments.answer",
  "pk": 30,
  "fields": {
    "question": 8,
    "text": "Spanish",
    "is_correct": false
  }
},
{
  "model": "assessments.answer",
  "pk": 31,
  "fields": {
    "question": 8,
    "text": "French",
    "is_correct": false
  }
},
{
  "model": "assessments.answer",
  "pk": 32,
  "fields": {
    "question": 8,
    "text": "English",
    "is_correct": false
  }
},
{
  "model": "assessments.answer",
  "pk": 33,
  "fields": {
    "question": 9,
    "text": "Leonardo da Vinci",
    "is_correct": true
  }
},
{
  "model": "assessments.answer",
  "pk": 34,
  "fields": {
    "question": 9,
    "text": "Vincent van Gogh",
    "is_correct": false
  }
},
{
  "model": "assessments.answer",
  "pk": 35,
  "fields": {
    "question": 9,
    "text": "Pablo Picasso",
    "is_correct": false
  }
},
{
  "model": "assessments.answer",
  "pk": 36,
  "fields": {
    "question": 9,
    "text": "Claude Monet",
    "is_correct": false
  }
},
{
  "model": "assessments.answer",
  "pk": 37,
  "fields": {
    "question": 10,
    "text": "Carbon dioxide",
    "is_correct": true
  }
},
{
  "model": "assessments.answer",
  "pk": 38,
  "fields": {
    "question": 10,
    "text": "Oxygen",
    "is_correct": false
  }
},
{
  "model": "assessments.answer",
  "pk": 39,
  "fields": {
    "question": 10,
    "text": "Nitrogen",
    "is_correct": false
  }
},
{
  "model": "assessments.answer",
  "pk": 40,
  "fields": {
    "question": 10,
    "text": "Helium",
    "is_correct": false
  }
},
{
  "model": "assessments.answer",
  "pk": 41,
  "fields": {
    "question": 11,
    "text": "111111111111111111",
    "is_correct": true
  }
},
{
  "model": "assessments.answer",
  "pk": 42,
  "fields": {
    "question": 11,
    "text": "222222222222222",
    "is_correct": false
  }
},
{
  "model": "assessments.answer",
  "pk": 43,
  "fields": {
    "question": 11,
    "text": "3333333333333",
    "is_correct": false
  }
},
{
  "model": "assessments.answer",
  "pk": 44,
  "fields": {
    "question": 11,
    "text": "444444444444444444",
    "is_correct": false
  }
},
{
  "model": "assessments.answer",
  "pk": 45,
  "fields": {
    "question": 12,
    "text": "22333333333333333333",
    "is_correct": true
  }
},
{
  "model": "assessments.answer",
  "pk": 46,
  "fields": {
    "question": 12,
    "text": "222222222222222",
    "is_correct": false
  }
},
{
  "model": "assessments.answer",
  "pk": 47,
  "fields": {
    "question": 12,
    "text": "44444444444",
    "is_correct": false
  }
},
{
  "model": "assessments.answer",
  "pk": 48,
  "fields": {
    "question": 12,
    "text": "3333333333333333333",
    "is_correct": false
  }
},
{
  "model": "assessments.answer",
  "pk": 49,
  "fields": {
    "question": 13,
    "text": "1231312312312312312",
    "is_correct": true
  }
},
{
  "model": "assessments.answer",
  "pk": 50,
  "fields": {
    "question": 13,
    "text": "1231333333333",
    "is_correct": false
  }
},
{
  "model": "assessments.answer",
  "pk": 51,
  "fields": {
    "question": 13,
    "text": "444444444444444",
    "is_correct": false
  }
},
{
  "model": "assessments.answer",
  "pk": 52,
  "fields": {
    "question": 13,
    "text": "5555555555",
    "is_correct": false
  }
},
{
  "model": "assessments.answer",
  "pk": 53,
  "fields": {
    "question": 14,
    "text": "56756756756756756",
    "is_correct": true
  }
},
{
  "model": "assessments.answer",
  "pk": 54,
  "fields": {
    "question": 14,
    "text": "77766553443534534",
    "is_correct": false
  }
},
{
  "model": "assessments.answer",
  "pk": 55,
  "fields": {
    "question": 14,
    "text": "53454354353453",
    "is_correct": false
  }
},
{
  "model": "assessments.answer",
  "pk": 56,
  "fields": {
    "question": 14,
    "text": "34534543534535345",
    "is_correct": false
  }
},
{
  "model": "assessments.answer",
  "pk": 57,
  "fields": {
    "question": 15,
    "text": "rrrrrrrrrrrrrrrrrrrrrrrrrr",
    "is_correct": true
  }
},
{
  "model": "assessments.answer",
  "pk": 58,
  "fields": {
    "question": 15,
    "text": "ggggggggrrrrrrrrr",
    "is_correct": false
  }
},
{
  "model": "assessments.answer",
  "pk": 59,
  "fields": {
    "question": 15,
    "text": "333333333",
    "is_correct": false
  }
},
{
  "model": "assessments.answer",
  "pk": 60,
  "fields": {
    "question": 15,
    "text": "999999999999",
    "is_correct": false
  }
},
{
  "model": "assessments.answer",
  "pk": 61,
  "fields": {
    "question": 16,
    "text": "11222222222",
    "is_correct": true
  }
},
{
  "model": "assessments.answer",
  "pk": 62,
  "fields": {
    "question": 16,
    "text": "3333333333333",
    "is_correct": false
  }
},
{
  "model": "assessments.answer",
  "pk": 63,
  "fields": {
    "question": 16,
    "text": "4444444",
    "is_correct": false
  }
},
{
  "model": "assessments.answer",
  "pk": 64,
  "fields": {
    "question": 16,
    "text": "3333333",
    "is_correct": false
  }
},
{
  "model": "assessments.answer",
  "pk": 65,
  "fields": {
    "question": 17,
    "text": "rrrrrrrrrrrrrrrr",
    "is_correct": true
  }
},
{
  "model": "assessments.answer",
  "pk": 66,
  "fields": {
    "question": 17,
    "text": "tttttttt",
    "is_correct": false
  }
},
{
  "model": "assessments.answer",
  "pk": 67,
  "fields": {
    "question": 17,
    "text": "ttttt",
    "is_correct": false
  }
},
{
  "model": "assessments.answer",
  "pk": 68,
  "fields": {
    "question": 17,
    "text": "777777777",
    "is_correct": false
  }
},
{
  "model": "assessments.assignment",
  "pk": 1,
  "fields": {
    "assessment": 1,
    "employee": 3,
    "assigned_at": "2025-06-26T09:56:15.548Z"
  }
},
{
  "model": "assessments.assignment",
  "pk": 2,
  "fields": {
    "assessment": 2,
    "employee": 3,
    "assigned_at": "2025-06-27T09:47:18.763Z"
  }
},
{
  "model": "assessments.assignment",
  "pk": 3,
  "fields": {
    "assessment": 1,
    "employee": 4,
    "assigned_at": "2025-06-27T10:52:21.914Z"
  }
},
{
  "model": "assessments.assignment",
  "pk": 4,
  "fields": {
    "assessment": 2,
    "employee": 4,
    "assigned_at": "2025-06-29T07:27:12.950Z"
  }
},
{
  "model": "assessments.assignment",
  "pk": 5,
  "fields": {
    "assessment": 1,
    "employee": 5,
    "assigned_at": "2025-06-29T08:12:18.866Z"
  }
},
{
  "model": "assessments.assignment",
  "pk": 6,
  "fields": {
    "assessment": 2,
    "employee": 5,
    "assigned_at": "2025-06-29T08:58:52.356Z"
  }
},
{
  "model": "assessments.assignment",
  "pk": 7,
  "fields": {
    "assessment": 1,
    "employee": 6,
    "assigned_at": "2025-07-01T12:14:06.503Z"
  }
},
{
  "model": "assessments.assignment",
  "pk": 8,
  "fields": {
    "assessment": 2,
    "employee": 6,
    "assigned_at": "2025-07-01T12:30:48.957Z"
  }
},
{
  "model": "assessments.assignment",
  "pk": 9,
  "fields": {
    "assessment": 1,
    "employee": 7,
    "assigned_at": "2025-07-01T13:25:21.359Z"
  }
},
{
  "model": "assessments.assignment",
  "pk": 10,
  "fields": {
    "assessment": 1,
    "employee": 8,
    "assigned_at": "2025-07-01T13:25:21.363Z"
  }
},
{
  "model": "assessments.assignment",
  "pk": 11,
  "fields": {
    "assessment": 2,
    "employee": 7,
    "assigned_at": "2025-07-01T13:25:26.170Z"
  }
},
{
  "model": "assessments.assignment",
  "pk": 12,
  "fields": {
    "assessment": 2,
    "employee": 8,
    "assigned_at": "2025-07-01T13:25:26.175Z"
  }
},
{
  "model": "assessments.assignment",
  "pk": 13,
  "fields": {
    "assessment": 1,
    "employee": 9,
    "assigned_at": "2025-07-06T08:52:41.890Z"
  }
},
{
  "model": "assessments.assignment",
  "pk": 14,
  "fields": {
    "assessment": 2,
    "employee": 9,
    "assigned_at": "2025-07-06T08:52:45.095Z"
  }
},
{
  "model": "assessments.assignment",
  "pk": 15,
  "fields": {
    "assessment": 1,
    "employee": 10,
    "assigned_at": "2025-07-06T10:04:51.052Z"
  }
},
{
  "model": "assessments.assignment",
  "pk": 16,
  "fields": {
    "assessment": 1,
    "employee": 11,
    "assigned_at": "2025-07-06T10:04:51.057Z"
  }
},
{
  "model": "assessments.assignment",
  "pk": 17,
  "fields": {
    "assessment": 2,
    "employee": 10,
    "assigned_at": "2025-07-06T10:04:54.876Z"
  }
},
{
  "model": "assessments.assignment",
  "pk": 18,
  "fields": {
    "assessment": 2,
    "employee": 11,
    "assigned_at": "2025-07-06T10:04:54.881Z"
  }
},
{
  "model": "assessments.assignment",
  "pk": 19,
  "fields": {
    "assessment": 3,
    "employee": 11,
    "assigned_at": "2025-07-10T08:04:54.492Z"
  }
},
{
  "model": "assessments.assignment",
  "pk": 20,
  "fields": {
    "assessment": 4,
    "employee": 11,
    "assigned_at": "2025-07-10T09:38:04.680Z"
  }
},
{
  "model": "assessments.assignment",
  "pk": 21,
  "fields": {
    "assessment": 1,
    "employee": 12,
    "assigned_at": "2025-07-14T16:53:34.834Z"
  }
},
{
  "model": "assessments.assignment",
  "pk": 22,
  "fields": {
    "assessment": 1,
    "employee": 13,
    "assigned_at": "2025-07-14T16:53:34.838Z"
  }
},
{
  "model": "assessments.assignment",
  "pk": 23,
  "fields": {
    "assessment": 2,
    "employee": 12,
    "assigned_at": "2025-07-14T16:53:39.742Z"
  }
},
{
  "model": "assessments.assignment",
  "pk": 24,
  "fields": {
    "assessment": 2,
    "employee": 13,
    "assigned_at": "2025-07-14T16:53:39.746Z"
  }
},
{
  "model": "assessments.assignment",
  "pk": 25,
  "fields": {
    "assessment": 3,
    "employee": 12,
    "assigned_at": "2025-07-14T16:53:44.178Z"
  }
},
{
  "model": "assessments.assignment",
  "pk": 26,
  "fields": {
    "assessment": 3,
    "employee": 13,
    "assigned_at": "2025-07-14T16:53:44.183Z"
  }
},
{
  "model": "assessments.assignment",
  "pk": 27,
  "fields": {
    "assessment": 4,
    "employee": 12,
    "assigned_at": "2025-07-14T16:53:49.931Z"
  }
},
{
  "model": "assessments.assignment",
  "pk": 28,
  "fields": {
    "assessment": 4,
    "employee": 13,
    "assigned_at": "2025-07-14T16:53:49.935Z"
  }
},
{
  "model": "assessments.assignment",
  "pk": 29,
  "fields": {
    "assessment": 4,
    "employee": 14,
    "assigned_at": "2025-07-14T20:28:26.893Z"
  }
},
{
  "model": "assessments.assignment",
  "pk": 30,
  "fields": {
    "assessment": 1,
    "employee": 14,
    "assigned_at": "2025-07-15T16:05:53.871Z"
  }
},
{
  "model": "assessments.assignment",
  "pk": 31,
  "fields": {
    "assessment": 2,
    "employee": 14,
    "assigned_at": "2025-07-15T16:07:38.314Z"
  }
},
{
  "model": "assessments.assignment",
  "pk": 32,
  "fields": {
    "assessment": 3,
    "employee": 14,
    "assigned_at": "2025-07-15T16:07:42.867Z"
  }
},
{
  "model": "assessments.assignment",
  "pk": 33,
  "fields": {
    "assessment": 1,
    "employee": 15,
    "assigned_at": "2025-07-15T16:12:12.576Z"
  }
},
{
  "model": "assessments.assignment",
  "pk": 34,
  "fields": {
    "assessment": 1,
    "employee": 16,
    "assigned_at": "2025-07-15T16:12:12.581Z"
  }
},
{
  "model": "assessments.assignment",
  "pk": 35,
  "fields": {
    "assessment": 2,
    "employee": 15,
    "assigned_at": "2025-07-15T16:12:16.127Z"
  }
},
{
  "model": "assessments.assignment",
  "pk": 36,
  "fields": {
    "assessment": 2,
    "employee": 16,
    "assigned_at": "2025-07-15T16:12:16.131Z"
  }
},
{
  "model": "assessments.assignment",
  "pk": 37,
  "fields": {
    "assessment": 3,
    "employee": 15,
    "assigned_at": "2025-07-15T16:12:27.224Z"
  }
},
{
  "model": "assessments.assignment",
  "pk": 38,
  "fields": {
    "assessment": 3,
    "employee": 16,
    "assigned_at": "2025-07-15T16:12:27.229Z"
  }
},
{
  "model": "assessments.assignment",
  "pk": 39,
  "fields": {
    "assessment": 4,
    "employee": 15,
    "assigned_at": "2025-07-15T16:12:31.125Z"
  }
},
{
  "model": "assessments.assignment",
  "pk": 40,
  "fields": {
    "assessment": 4,
    "employee": 16,
    "assigned_at": "2025-07-15T16:12:31.129Z"
  }
},
{
  "model": "results.assessmentresult",
  "pk": 1,
  "fields": {
    "assessment": 1,
    "user": 3,
    "status": "Completed",
    "score": "80.00",
    "submitted_at": "2025-06-26T10:00:45.786Z",
    "start_time": null
  }
},
{
  "model": "results.assessmentresult",
  "pk": 2,
  "fields": {
    "assessment": 2,
    "user": 3,
    "status": "In Progress",
    "score": null,
    "submitted_at": null,
    "start_time": null
  }
},
{
  "model": "results.assessmentresult",
  "pk": 3,
  "fields": {
    "assessment": 1,
    "user": 4,
    "status": "In Progress",
    "score": null,
    "submitted_at": null,
    "start_time": null
  }
},
{
  "model": "results.assessmentresult",
  "pk": 4,
  "fields": {
    "assessment": 2,
    "user": 4,
    "status": "In Progress",
    "score": null,
    "submitted_at": null,
    "start_time": null
  }
},
{
  "model": "results.assessmentresult",
  "pk": 5,
  "fields": {
    "assessment": 1,
    "user": 5,
    "status": "In Progress",
    "score": null,
    "submitted_at": null,
    "start_time": null
  }
},
{
  "model": "results.assessmentresult",
  "pk": 6,
  "fields": {
    "assessment": 2,
    "user": 5,
    "status": "Completed",
    "score": "0.00",
    "submitted_at": "2025-06-29T10:29:02.364Z",
    "start_time": null
  }
},
{
  "model": "results.assessmentresult",
  "pk": 7,
  "fields": {
    "assessment": 1,
    "user": 6,
    "status": "In Progress",
    "score": null,
    "submitted_at": null,
    "start_time": null
  }
},
{
  "model": "results.assessmentresult",
  "pk": 8,
  "fields": {
    "assessment": 2,
    "user": 6,
    "status": "Completed",
    "score": "0.00",
    "submitted_at": "2025-07-01T12:31:12.326Z",
    "start_time": null
  }
},
{
  "model": "results.assessmentresult",
  "pk": 9,
  "fields": {
    "assessment": 1,
    "user": 7,
    "status": "Completed",
    "score": "0.00",
    "submitted_at": "2025-07-01T13:26:15.273Z",
    "start_time": null
  }
},
{
  "model": "results.assessmentresult",
  "pk": 10,
  "fields": {
    "assessment": 2,
    "user": 7,
    "status": "Completed",
    "score": "0.00",
    "submitted_at": "2025-07-04T10:37:52.387Z",
    "start_time": null
  }
},
{
  "model": "results.assessmentresult",
  "pk": 11,
  "fields": {
    "assessment": 1,
    "user": 8,
    "status": "Completed",
    "score": "0.00",
    "submitted_at": "2025-07-04T10:41:20.723Z",
    "start_time": null
  }
},
{
  "model": "results.assessmentresult",
  "pk": 12,
  "fields": {
    "assessment": 2,
    "user": 8,
    "status": "Completed",
    "score": "0.00",
    "submitted_at": "2025-07-04T15:58:11.060Z",
    "start_time": null
  }
},
{
  "model": "results.assessmentresult",
  "pk": 13,
  "fields": {
    "assessment": 1,
    "user": 9,
    "status": "Completed",
    "score": "0.00",
    "submitted_at": "2025-07-06T08:53:34.607Z",
    "start_time": null
  }
},
{
  "model": "results.assessmentresult",
  "pk": 14,
  "fields": {
    "assessment": 2,
    "user": 9,
    "status": "In Progress",
    "score": null,
    "submitted_at": null,
    "start_time": null
  }
},
{
  "model": "results.assessmentresult",
  "pk": 15,
  "fields": {
    "assessment": 1,
    "user": 10,
    "status": "Completed",
    "score": "80.00",
    "submitted_at": "2025-07-09T14:06:37.343Z",
    "start_time": null
  }
},
{
  "model": "results.assessmentresult",
  "pk": 16,
  "fields": {
    "assessment": 2,
    "user": 10,
    "status": "Completed",
    "score": "80.00",
    "submitted_at": "2025-07-06T10:18:38.154Z",
    "start_time": null
  }
},
{
  "model": "results.assessmentresult",
  "pk": 17,
  "fields": {
    "assessment": 1,
    "user": 11,
    "status": "Completed",
    "score": "80.00",
    "submitted_at": "2025-07-12T18:33:28.934Z",
    "start_time": "2025-07-12T18:33:13.289Z"
  }
},
{
  "model": "results.assessmentresult",
  "pk": 18,
  "fields": {
    "assessment": 3,
    "user": 11,
    "status": "Completed",
    "score": "80.00",
    "submitted_at": "2025-07-13T18:51:17.792Z",
    "start_time": null
  }
},
{
  "model": "results.assessmentresult",
  "pk": 19,
  "fields": {
    "assessment": 4,
    "user": 11,
    "status": "Completed",
    "score": "50.00",
    "submitted_at": "2025-07-12T17:21:22.089Z",
    "start_time": "2025-07-12T16:22:50.267Z"
  }
},
{
  "model": "results.assessmentresult",
  "pk": 20,
  "fields": {
    "assessment": 2,
    "user": 11,
    "status": "Completed",
    "score": "0.00",
    "submitted_at": "2025-07-12T18:26:04.288Z",
    "start_time": "2025-07-12T17:21:28.484Z"
  }
},
{
  "model": "results.assessmentresult",
  "pk": 21,
  "fields": {
    "assessment": 1,
    "user": 12,
    "status": "Completed",
    "score": "80.00",
    "submitted_at": "2025-07-14T16:55:46.151Z",
    "start_time": "2025-07-14T16:55:33.680Z"
  }
},
{
  "model": "results.assessmentresult",
  "pk": 22,
  "fields": {
    "assessment": 1,
    "user": 13,
    "status": "Completed",
    "score": "80.00",
    "submitted_at": "2025-07-14T16:56:21.967Z",
    "start_time": "2025-07-14T16:56:03.401Z"
  }
},
{
  "model": "results.assessmentresult",
  "pk": 23,
  "fields": {
    "assessment": 3,
    "user": 13,
    "status": "Completed",
    "score": "0.00",
    "submitted_at": "2025-07-15T15:56:42.131Z",
    "start_time": "2025-07-14T20:14:04.999Z"
  }
},
{
  "model": "results.assessmentresult",
  "pk": 24,
  "fields": {
    "assessment": 4,
    "user": 13,
    "status": "Completed",
    "score": "50.00",
    "submitted_at": "2025-07-14T20:14:23.661Z",
    "start_time": "2025-07-14T20:14:11.936Z"
  }
},
{
  "model": "results.assessmentresult",
  "pk": 25,
  "fields": {
    "assessment": 1,
    "user": 14,
    "status": "Completed",
    "score": "0.00",
    "submitted_at": "2025-07-15T16:06:14.872Z",
    "start_time": "2025-07-14T20:27:47.184Z"
  }
},
{
  "model": "results.assessmentresult",
  "pk": 27,
  "fields": {
    "assessment": 2,
    "user": 13,
    "status": "Completed",
    "score": "80.00",
    "submitted_at": "2025-07-15T15:55:20.591Z",
    "start_time": "2025-07-15T15:54:54.215Z"
  }
},
{
  "model": "results.assessmentresult",
  "pk": 28,
  "fields": {
    "assessment": 4,
    "user": 14,
    "status": "Completed",
    "score": "50.00",
    "submitted_at": "2025-07-15T18:19:51.528Z",
    "start_time": "2025-07-15T16:06:27.060Z"
  }
},
{
  "model": "results.assessmentresult",
  "pk": 29,
  "fields": {
    "assessment": 3,
    "user": 14,
    "status": "Completed",
    "score": "0.00",
    "submitted_at": "2025-07-15T16:08:29.569Z",
    "start_time": "2025-07-15T16:08:18.421Z"
  }
},
{
  "model": "results.assessmentresult",
  "pk": 30,
  "fields": {
    "assessment": 2,
    "user": 14,
    "status": "",
    "score": null,
    "submitted_at": null,
    "start_time": "2025-07-15T16:09:45.770Z"
  }
},
{
  "model": "results.assessmentresult",
  "pk": 31,
  "fields": {
    "assessment": 4,
    "user": 15,
    "status": "Completed",
    "score": "100.00",
    "submitted_at": "2025-07-18T15:48:27.532Z",
    "start_time": "2025-07-15T16:12:46.999Z"
  }
},
{
  "model": "results.assessmentresult",
  "pk": 32,
  "fields": {
    "assessment": 2,
    "user": 15,
    "status": "Completed",
    "score": "80.00",
    "submitted_at": "2025-07-15T17:25:02.999Z",
    "start_time": "2025-07-15T17:24:55.956Z"
  }
},
{
  "model": "results.useranswer",
  "pk": 6,
  "fields": {
    "user": 3,
    "assessment": 1,
    "question": 1,
    "selected_answer": 1,
    "answered_at": "2025-06-26T10:00:45.771Z"
  }
},
{
  "model": "results.useranswer",
  "pk": 7,
  "fields": {
    "user": 3,
    "assessment": 1,
    "question": 2,
    "selected_answer": 6,
    "answered_at": "2025-06-26T10:00:45.774Z"
  }
},
{
  "model": "results.useranswer",
  "pk": 8,
  "fields": {
    "user": 3,
    "assessment": 1,
    "question": 3,
    "selected_answer": 9,
    "answered_at": "2025-06-26T10:00:45.777Z"
  }
},
{
  "model": "results.useranswer",
  "pk": 9,
  "fields": {
    "user": 3,
    "assessment": 1,
    "question": 4,
    "selected_answer": 13,
    "answered_at": "2025-06-26T10:00:45.780Z"
  }
},
{
  "model": "results.useranswer",
  "pk": 10,
  "fields": {
    "user": 3,
    "assessment": 1,
    "question": 5,
    "selected_answer": 17,
    "answered_at": "2025-06-26T10:00:45.784Z"
  }
},
{
  "model": "results.useranswer",
  "pk": 16,
  "fields": {
    "user": 4,
    "assessment": 1,
    "question": 1,
    "selected_answer": 1,
    "answered_at": "2025-06-27T10:52:33.256Z"
  }
},
{
  "model": "results.useranswer",
  "pk": 17,
  "fields": {
    "user": 4,
    "assessment": 1,
    "question": 2,
    "selected_answer": 6,
    "answered_at": "2025-06-27T10:52:35.066Z"
  }
},
{
  "model": "results.useranswer",
  "pk": 18,
  "fields": {
    "user": 4,
    "assessment": 1,
    "question": 3,
    "selected_answer": 9,
    "answered_at": "2025-06-27T10:52:36.340Z"
  }
},
{
  "model": "results.useranswer",
  "pk": 19,
  "fields": {
    "user": 4,
    "assessment": 1,
    "question": 4,
    "selected_answer": 13,
    "answered_at": "2025-06-27T10:52:37.573Z"
  }
},
{
  "model": "results.useranswer",
  "pk": 20,
  "fields": {
    "user": 4,
    "assessment": 1,
    "question": 5,
    "selected_answer": 17,
    "answered_at": "2025-06-27T10:52:39.035Z"
  }
},
{
  "model": "results.useranswer",
  "pk": 76,
  "fields": {
    "user": 10,
    "assessment": 1,
    "question": 1,
    "selected_answer": 1,
    "answered_at": "2025-07-06T10:05:13.739Z"
  }
},
{
  "model": "results.useranswer",
  "pk": 77,
  "fields": {
    "user": 10,
    "assessment": 1,
    "question": 2,
    "selected_answer": 6,
    "answered_at": "2025-07-06T10:05:21.287Z"
  }
},
{
  "model": "results.useranswer",
  "pk": 78,
  "fields": {
    "user": 10,
    "assessment": 1,
    "question": 3,
    "selected_answer": 9,
    "answered_at": "2025-07-06T10:05:22.324Z"
  }
},
{
  "model": "results.useranswer",
  "pk": 79,
  "fields": {
    "user": 10,
    "assessment": 1,
    "question": 4,
    "selected_answer": 13,
    "answered_at": "2025-07-06T10:05:23.438Z"
  }
},
{
  "model": "results.useranswer",
  "pk": 80,
  "fields": {
    "user": 10,
    "assessment": 1,
    "question": 5,
    "selected_answer": 17,
    "answered_at": "2025-07-06T10:05:24.866Z"
  }
},
{
  "model": "results.useranswer",
  "pk": 81,
  "fields": {
    "user": 10,
    "assessment": 2,
    "question": 6,
    "selected_answer": 21,
    "answered_at": "2025-07-06T10:18:31.976Z"
  }
},
{
  "model": "results.useranswer",
  "pk": 82,
  "fields": {
    "user": 10,
    "assessment": 2,
    "question": 7,
    "selected_answer": 26,
    "answered_at": "2025-07-06T10:18:33.242Z"
  }
},
{
  "model": "results.useranswer",
  "pk": 83,
  "fields": {
    "user": 10,
    "assessment": 2,
    "question": 8,
    "selected_answer": 29,
    "answered_at": "2025-07-06T10:18:34.934Z"
  }
},
{
  "model": "results.useranswer",
  "pk": 84,
  "fields": {
    "user": 10,
    "assessment": 2,
    "question": 9,
    "selected_answer": 33,
    "answered_at": "2025-07-06T10:18:36.456Z"
  }
},
{
  "model": "results.useranswer",
  "pk": 85,
  "fields": {
    "user": 10,
    "assessment": 2,
    "question": 10,
    "selected_answer": 37,
    "answered_at": "2025-07-06T10:18:38.053Z"
  }
},
{
  "model": "results.useranswer",
  "pk": 86,
  "fields": {
    "user": 11,
    "assessment": 3,
    "question": 11,
    "selected_answer": 41,
    "answered_at": "2025-07-10T08:05:14.120Z"
  }
},
{
  "model": "results.useranswer",
  "pk": 87,
  "fields": {
    "user": 11,
    "assessment": 3,
    "question": 12,
    "selected_answer": 46,
    "answered_at": "2025-07-10T08:05:15.575Z"
  }
},
{
  "model": "results.useranswer",
  "pk": 88,
  "fields": {
    "user": 11,
    "assessment": 3,
    "question": 13,
    "selected_answer": 49,
    "answered_at": "2025-07-10T08:05:17.044Z"
  }
},
{
  "model": "results.useranswer",
  "pk": 89,
  "fields": {
    "user": 11,
    "assessment": 3,
    "question": 14,
    "selected_answer": 53,
    "answered_at": "2025-07-10T08:05:18.604Z"
  }
},
{
  "model": "results.useranswer",
  "pk": 90,
  "fields": {
    "user": 11,
    "assessment": 3,
    "question": 15,
    "selected_answer": 57,
    "answered_at": "2025-07-10T08:05:19.996Z"
  }
},
{
  "model": "results.useranswer",
  "pk": 91,
  "fields": {
    "user": 11,
    "assessment": 4,
    "question": 16,
    "selected_answer": 61,
    "answered_at": "2025-07-10T09:45:27.985Z"
  }
},
{
  "model": "results.useranswer",
  "pk": 92,
  "fields": {
    "user": 11,
    "assessment": 1,
    "question": 1,
    "selected_answer": 1,
    "answered_at": "2025-07-12T18:33:22.139Z"
  }
},
{
  "model": "results.useranswer",
  "pk": 93,
  "fields": {
    "user": 11,
    "assessment": 1,
    "question": 2,
    "selected_answer": 5,
    "answered_at": "2025-07-12T18:33:23.872Z"
  }
},
{
  "model": "results.useranswer",
  "pk": 94,
  "fields": {
    "user": 11,
    "assessment": 1,
    "question": 3,
    "selected_answer": 9,
    "answered_at": "2025-07-12T18:33:25.641Z"
  }
},
{
  "model": "results.useranswer",
  "pk": 95,
  "fields": {
    "user": 11,
    "assessment": 1,
    "question": 4,
    "selected_answer": 13,
    "answered_at": "2025-07-12T18:33:27.242Z"
  }
},
{
  "model": "results.useranswer",
  "pk": 96,
  "fields": {
    "user": 11,
    "assessment": 1,
    "question": 5,
    "selected_answer": 18,
    "answered_at": "2025-07-12T18:33:28.872Z"
  }
},
{
  "model": "results.useranswer",
  "pk": 97,
  "fields": {
    "user": 12,
    "assessment": 1,
    "question": 1,
    "selected_answer": 1,
    "answered_at": "2025-07-14T16:55:36.788Z"
  }
},
{
  "model": "results.useranswer",
  "pk": 98,
  "fields": {
    "user": 12,
    "assessment": 1,
    "question": 3,
    "selected_answer": 9,
    "answered_at": "2025-07-14T16:55:40.443Z"
  }
},
{
  "model": "results.useranswer",
  "pk": 99,
  "fields": {
    "user": 12,
    "assessment": 1,
    "question": 4,
    "selected_answer": 14,
    "answered_at": "2025-07-14T16:55:42.657Z"
  }
},
{
  "model": "results.useranswer",
  "pk": 100,
  "fields": {
    "user": 12,
    "assessment": 1,
    "question": 5,
    "selected_answer": 17,
    "answered_at": "2025-07-14T16:55:44.390Z"
  }
},
{
  "model": "results.useranswer",
  "pk": 101,
  "fields": {
    "user": 12,
    "assessment": 1,
    "question": 2,
    "selected_answer": 5,
    "answered_at": "2025-07-14T16:55:46.026Z"
  }
},
{
  "model": "results.useranswer",
  "pk": 102,
  "fields": {
    "user": 13,
    "assessment": 1,
    "question": 3,
    "selected_answer": 9,
    "answered_at": "2025-07-14T16:56:09.528Z"
  }
},
{
  "model": "results.useranswer",
  "pk": 103,
  "fields": {
    "user": 13,
    "assessment": 1,
    "question": 2,
    "selected_answer": 6,
    "answered_at": "2025-07-14T16:56:11.038Z"
  }
},
{
  "model": "results.useranswer",
  "pk": 104,
  "fields": {
    "user": 13,
    "assessment": 1,
    "question": 5,
    "selected_answer": 17,
    "answered_at": "2025-07-14T16:56:12.753Z"
  }
},
{
  "model": "results.useranswer",
  "pk": 105,
  "fields": {
    "user": 13,
    "assessment": 1,
    "question": 1,
    "selected_answer": 1,
    "answered_at": "2025-07-14T16:56:15.710Z"
  }
},
{
  "model": "results.useranswer",
  "pk": 106,
  "fields": {
    "user": 13,
    "assessment": 1,
    "question": 4,
    "selected_answer": 13,
    "answered_at": "2025-07-14T16:56:21.893Z"
  }
},
{
  "model": "results.useranswer",
  "pk": 107,
  "fields": {
    "user": 13,
    "assessment": 4,
    "question": 17,
    "selected_answer": 65,
    "answered_at": "2025-07-14T20:14:22.427Z"
  }
},
{
  "model": "results.useranswer",
  "pk": 108,
  "fields": {
    "user": 13,
    "assessment": 4,
    "question": 16,
    "selected_answer": 62,
    "answered_at": "2025-07-14T20:14:23.533Z"
  }
},
{
  "model": "results.useranswer",
  "pk": 109,
  "fields": {
    "user": 13,
    "assessment": 2,
    "question": 8,
    "selected_answer": 29,
    "answered_at": "2025-07-15T15:55:02.512Z"
  }
},
{
  "model": "results.useranswer",
  "pk": 110,
  "fields": {
    "user": 13,
    "assessment": 2,
    "question": 9,
    "selected_answer": 34,
    "answered_at": "2025-07-15T15:55:11.173Z"
  }
},
{
  "model": "results.useranswer",
  "pk": 111,
  "fields": {
    "user": 13,
    "assessment": 2,
    "question": 7,
    "selected_answer": 25,
    "answered_at": "2025-07-15T15:55:16.772Z"
  }
},
{
  "model": "results.useranswer",
  "pk": 112,
  "fields": {
    "user": 13,
    "assessment": 2,
    "question": 6,
    "selected_answer": 21,
    "answered_at": "2025-07-15T15:55:18.102Z"
  }
},
{
  "model": "results.useranswer",
  "pk": 113,
  "fields": {
    "user": 13,
    "assessment": 2,
    "question": 10,
    "selected_answer": 37,
    "answered_at": "2025-07-15T15:55:20.526Z"
  }
},
{
  "model": "results.useranswer",
  "pk": 114,
  "fields": {
    "user": 14,
    "assessment": 4,
    "question": 17,
    "selected_answer": 65,
    "answered_at": "2025-07-15T16:08:06.404Z"
  }
},
{
  "model": "results.useranswer",
  "pk": 115,
  "fields": {
    "user": 14,
    "assessment": 4,
    "question": 16,
    "selected_answer": 62,
    "answered_at": "2025-07-15T16:08:08.263Z"
  }
},
{
  "model": "results.useranswer",
  "pk": 116,
  "fields": {
    "user": 15,
    "assessment": 4,
    "question": 16,
    "selected_answer": 61,
    "answered_at": "2025-07-15T16:24:31.306Z"
  }
},
{
  "model": "results.useranswer",
  "pk": 117,
  "fields": {
    "user": 15,
    "assessment": 4,
    "question": 17,
    "selected_answer": 65,
    "answered_at": "2025-07-15T16:24:33.317Z"
  }
},
{
  "model": "results.useranswer",
  "pk": 118,
  "fields": {
    "user": 15,
    "assessment": 2,
    "question": 9,
    "selected_answer": 33,
    "answered_at": "2025-07-15T17:24:57.951Z"
  }
},
{
  "model": "results.useranswer",
  "pk": 119,
  "fields": {
    "user": 15,
    "assessment": 2,
    "question": 6,
    "selected_answer": 22,
    "answered_at": "2025-07-15T17:24:59.234Z"
  }
},
{
  "model": "results.useranswer",
  "pk": 120,
  "fields": {
    "user": 15,
    "assessment": 2,
    "question": 10,
    "selected_answer": 37,
    "answered_at": "2025-07-15T17:25:00.348Z"
  }
},
{
  "model": "results.useranswer",
  "pk": 121,
  "fields": {
    "user": 15,
    "assessment": 2,
    "question": 8,
    "selected_answer": 29,
    "answered_at": "2025-07-15T17:25:01.734Z"
  }
},
{
  "model": "results.useranswer",
  "pk": 122,
  "fields": {
    "user": 15,
    "assessment": 2,
    "question": 7,
    "selected_answer": 25,
    "answered_at": "2025-07-15T17:25:02.932Z"
  }
}
]
